id,participant,visit1,visit2
1,1,5,3
2,2,1,4
3,3,1,4
4,4,5,3
5,5,1,7
6,6,4,6
7,7,2,5
8,8,4,3
9,9,1,4
10,10,5,7
11,11,4,6
12,12,4,5
13,13,5,3
14,14,3,4
15,15,1,5
16,16,5,4
17,17,4,4
18,18,5,6
19,19,4,6
20,20,1,6
21,21,4,3
22,22,3,3
23,23,2,4
24,24,1,5
25,25,4,4
26,26,4,3
27,27,4,7
28,28,4,6
29,29,5,3
30,30,2,4
31,31,4,4
32,32,2,3
33,33,4,4
34,34,2,5
35,35,2,7
36,36,2,4
37,37,4,6
38,38,2,4
39,39,5,7
40,40,2,3
41,41,5,5
42,42,2,3
43,43,4,5
44,44,3,6
45,45,5,5
46,46,3,5
47,47,2,6
48,48,2,7
49,49,5,4
50,50,2,6
51,51,3,3
52,52,2,7
53,53,1,5
54,54,3,5
55,55,3,4
56,56,3,3
57,57,3,7
58,58,2,5
59,59,3,3
60,60,2,6
61,61,5,7
62,62,2,6
63,63,1,7
64,64,3,6
65,65,2,3
66,66,5,3
67,67,4,5
68,68,2,5
69,69,1,4
70,70,2,5
71,71,2,6
72,72,2,3
73,73,3,6
74,74,5,3
75,75,5,5
76,76,1,3
77,77,4,5
78,78,3,6
79,79,3,4
80,80,4,6
81,81,3,4
82,82,3,6
83,83,3,3
84,84,3,4
85,85,4,6
86,86,1,5
87,87,2,6
88,88,4,6
89,89,1,6
90,90,2,7
91,91,4,3
92,92,1,4
93,93,5,4
94,94,4,5
95,95,5,3
96,96,3,4
97,97,1,7
98,98,2,3
99,99,1,7
100,100,5,7
101,101,5,3
102,102,3,3
103,103,1,6
104,104,3,7
105,105,2,3
106,106,1,3
107,107,2,5
108,108,4,7
109,109,4,4
110,110,2,4
111,111,2,6
112,112,3,4
113,113,1,7
114,114,3,3
115,115,3,7
116,116,3,7
117,117,3,7
118,118,5,6
119,119,3,6
120,120,5,5
121,121,3,7
122,122,1,6
123,123,5,5
124,124,2,5
125,125,1,5
126,126,2,7
127,127,5,5
128,128,4,6
129,129,1,3
130,130,5,5
131,131,3,4
132,132,1,3
133,133,1,7
134,134,3,6
135,135,2,3
136,136,5,4
137,137,4,6
138,138,4,3
139,139,4,4
140,140,3,7
141,141,3,6
142,142,5,5
143,143,5,4
144,144,3,4
145,145,5,4
146,146,4,7
147,147,2,4
148,148,2,7
149,149,4,6
150,150,2,6
151,151,3,7
152,152,3,5
153,153,2,7
154,154,4,7
155,155,2,5
156,156,1,3
157,157,1,4
158,158,2,4
159,159,5,4
160,160,1,5
161,161,5,3
162,162,1,5
163,163,4,3
164,164,1,4
165,165,1,7
166,166,5,3
167,167,4,7
168,168,3,3
169,169,2,6
170,170,2,3
171,171,4,6
172,172,1,4
173,173,1,7
174,174,1,6
175,175,5,4
176,176,3,7
177,177,5,5
178,178,4,7
179,179,4,3
180,180,5,5
181,181,2,3
182,182,3,3
183,183,3,6
184,184,3,5
185,185,2,5
186,186,5,3
187,187,3,3
188,188,5,3
189,189,4,6
190,190,1,5
191,191,2,3
192,192,1,3
193,193,3,4
194,194,2,6
195,195,2,5
196,196,5,3
197,197,1,5
198,198,4,7
199,199,1,3
200,200,2,3
201,201,2,7
202,202,5,3
203,203,2,4
204,204,4,6
205,205,2,4
206,206,2,7
207,207,4,6
208,208,2,3
209,209,3,7
210,210,3,4
211,211,3,6
212,212,3,7
213,213,2,4
214,214,3,6
215,215,1,7
216,216,5,5
217,217,3,4
218,218,5,7
219,219,5,6
220,220,2,3
221,221,3,7
222,222,4,3
223,223,4,4
224,224,5,6
225,225,5,5
226,226,1,6
227,227,5,6
228,228,3,4
229,229,4,6
230,230,4,4
231,231,5,4
232,232,5,5
233,233,5,5
234,234,2,3
235,235,1,3
236,236,1,5
237,237,3,6
238,238,4,5
239,239,4,7
240,240,2,3
241,241,3,3
242,242,4,3
243,243,5,4
244,244,3,7
245,245,3,3
246,246,2,4
247,247,2,3
248,248,5,3
249,249,2,7
250,250,4,7
