ID,offer,car
1,8949,Chevy
2,8482,Chevy
3,8692,Chevy
4,8616,Chevy
5,8727,Chevy
6,8797,Chevy
7,9101,Chevy
8,8218,Chevy
9,8785,Chevy
10,8481,Chevy
11,8752,Chevy
12,8635,Chevy
13,8850,Chevy
14,8624,Chevy
15,8741,Chevy
16,9328,Chevy
17,7901,Chevy
18,9218,Chevy
19,8752,Chevy
20,8886,Chevy
21,8744,Chevy
22,8662,Chevy
23,9271,Chevy
24,8605,Chevy
25,9051,Chevy
26,8735,Chevy
27,8417,Chevy
28,8337,Chevy
29,9198,Chevy
30,8677,Chevy
31,8809,Chevy
32,8872,Chevy
33,8720,Chevy
34,9291,Chevy
35,8264,Chevy
36,8948,Chevy
37,8362,Chevy
38,8557,Chevy
39,8269,Chevy
40,8645,Chevy
41,8935,Chevy
42,8974,Chevy
43,9044,Chevy
44,8696,Chevy
45,8911,Chevy
46,9541,Chevy
47,8961,Chevy
48,8719,Chevy
49,9071,Chevy
50,8790,Chevy
51,8581,Chevy
52,8653,Chevy
53,8546,Chevy
54,8788,Chevy
55,8418,Chevy
56,8198,Chevy
57,8331,Chevy
58,8408,Chevy
59,8871,Chevy
60,8479,Chevy
61,8252,Chevy
62,8861,Chevy
63,8794,Chevy
64,8422,Chevy
65,8629,Chevy
66,8726,Chevy
67,9237,Chevy
68,8940,Chevy
69,8577,Chevy
70,8783,Chevy
71,8517,Chevy
72,8732,Chevy
73,8990,Chevy
74,9207,Chevy
75,9402,Chevy
76,8544,Chevy
77,8499,Chevy
78,8653,Chevy
79,8871,Chevy
80,9329,Chevy
81,8724,Chevy
82,8917,Chevy
83,8472,Chevy
84,8673,Chevy
85,8979,Chevy
86,9088,Chevy
87,8841,Chevy
88,8717,Chevy
89,8847,Chevy
90,8754,Chevy
91,9020,Chevy
92,8675,Chevy
93,8347,Chevy
94,9281,Chevy
95,8393,Chevy
96,8729,Chevy
97,8827,Chevy
98,8247,Chevy
99,8675,Chevy
100,8396,Chevy
101,8643,Chevy
102,9142,Chevy
103,8058,Chevy
104,8602,Chevy
105,8793,Chevy
106,8986,Chevy
107,8705,Chevy
108,8992,Chevy
109,8780,Chevy
110,9087,Chevy
111,8927,Chevy
112,8304,Chevy
113,8696,Chevy
114,8647,Chevy
115,8647,Chevy
116,9227,Chevy
117,9153,Chevy
118,8913,Chevy
119,9056,Chevy
120,8791,Chevy
121,8863,Chevy
122,8727,Chevy
123,8743,Chevy
124,9394,Chevy
125,8448,Chevy
126,8875,Chevy
127,8912,Chevy
128,8949,Chevy
129,8719,Chevy
130,8325,Chevy
131,9188,Chevy
132,8547,Chevy
133,9243,Chevy
134,9161,Chevy
135,8788,Chevy
136,8424,Chevy
137,8914,Chevy
138,8426,Chevy
139,8500,Chevy
140,8500,Chevy
141,8713,Chevy
142,8767,Chevy
143,8881,Chevy
144,9122,Chevy
145,9083,Chevy
146,8492,Chevy
147,8897,Chevy
148,8449,Chevy
149,8933,Chevy
150,9069,Chevy
151,8160,Chevy
152,9055,Chevy
153,8834,Chevy
154,8762,Chevy
155,8983,Chevy
156,8476,Chevy
157,8794,Chevy
158,8357,Chevy
159,8597,Chevy
160,8391,Chevy
161,9242,Chevy
162,9048,Chevy
163,8910,Chevy
164,8709,Chevy
165,8686,Chevy
166,8883,Chevy
167,8646,Chevy
168,9098,Chevy
169,8097,Chevy
170,8922,Chevy
171,8493,Chevy
172,8222,Chevy
173,8794,Chevy
174,8708,Chevy
175,9001,Chevy
176,9101,Chevy
177,8531,Chevy
178,8924,Chevy
179,8557,Chevy
180,8833,Chevy
181,8454,Chevy
182,8126,Chevy
183,8807,Chevy
184,8589,Chevy
185,8729,Chevy
186,8932,Chevy
187,9600,Chevy
188,8870,Chevy
189,8860,Chevy
190,8963,Chevy
191,8735,Chevy
192,8431,Chevy
193,8562,Chevy
194,9334,Chevy
195,8453,Chevy
196,9021,Chevy
197,9137,Chevy
198,8599,Chevy
199,8885,Chevy
200,8645,Chevy
201,8970,Chevy
202,8792,Chevy
203,8757,Chevy
204,9056,Chevy
205,8436,Chevy
206,9355,Chevy
207,8401,Chevy
208,8379,Chevy
209,8959,Chevy
210,9130,Chevy
211,8823,Chevy
212,8675,Chevy
213,8573,Chevy
214,8517,Chevy
215,8464,Chevy
216,9755,Chevy
217,8039,Chevy
218,8708,Chevy
219,9003,Chevy
220,8888,Chevy
221,8966,Chevy
222,8972,Chevy
223,8911,Chevy
224,8407,Chevy
225,8333,Chevy
226,9124,Chevy
227,9034,Chevy
228,8907,Chevy
229,8718,Chevy
230,8885,Chevy
231,8581,Chevy
232,8519,Chevy
233,8838,Chevy
234,8565,Chevy
235,9787,Chevy
236,8627,Chevy
237,9679,Chevy
238,8884,Chevy
239,9256,Chevy
240,8717,Chevy
241,8732,Chevy
242,9186,Chevy
243,8441,Chevy
244,8223,Chevy
245,8965,Chevy
246,9046,Chevy
247,8690,Chevy
248,9343,Chevy
249,8517,Chevy
250,8376,Chevy
251,10378,Ford
252,10602,Ford
253,10813,Ford
254,10442,Ford
255,10672,Ford
256,10169,Ford
257,10468,Ford
258,10859,Ford
259,10444,Ford
260,10292,Ford
261,10096,Ford
262,10591,Ford
263,10488,Ford
264,10437,Ford
265,10567,Ford
266,10622,Ford
267,10539,Ford
268,10588,Ford
269,10411,Ford
270,11077,Ford
271,10719,Ford
272,10244,Ford
273,9804,Ford
274,10324,Ford
275,9866,Ford
276,10126,Ford
277,10819,Ford
278,10454,Ford
279,10332,Ford
280,10465,Ford
281,10329,Ford
282,10754,Ford
283,10489,Ford
284,10234,Ford
285,10973,Ford
286,10268,Ford
287,10184,Ford
288,10406,Ford
289,10757,Ford
290,10268,Ford
291,10260,Ford
292,10789,Ford
293,10314,Ford
294,10315,Ford
295,10680,Ford
296,10720,Ford
297,10377,Ford
298,10759,Ford
299,10529,Ford
300,10914,Ford
301,10296,Ford
302,10711,Ford
303,10234,Ford
304,10187,Ford
305,10045,Ford
306,10926,Ford
307,10467,Ford
308,9993,Ford
309,10320,Ford
310,10692,Ford
311,10214,Ford
312,10562,Ford
313,10505,Ford
314,10759,Ford
315,10518,Ford
316,10108,Ford
317,10591,Ford
318,10507,Ford
319,10413,Ford
320,10324,Ford
321,10453,Ford
322,10363,Ford
323,10230,Ford
324,10245,Ford
325,10253,Ford
326,10005,Ford
327,10315,Ford
328,10593,Ford
329,10568,Ford
330,10413,Ford
331,9921,Ford
332,10502,Ford
333,10162,Ford
334,10760,Ford
335,10569,Ford
336,9834,Ford
337,10618,Ford
338,10692,Ford
339,10369,Ford
340,10523,Ford
341,10802,Ford
342,10601,Ford
343,10443,Ford
344,10488,Ford
345,10604,Ford
346,9910,Ford
347,10221,Ford
348,10056,Ford
349,10207,Ford
350,10305,Ford
351,10604,Ford
352,10670,Ford
353,10959,Ford
354,10246,Ford
355,10853,Ford
356,10025,Ford
357,10723,Ford
358,10736,Ford
359,11018,Ford
360,10370,Ford
361,10133,Ford
362,10580,Ford
363,10405,Ford
364,10446,Ford
365,10414,Ford
366,10914,Ford
367,10341,Ford
368,10338,Ford
369,10634,Ford
370,10679,Ford
371,10565,Ford
372,10600,Ford
373,10312,Ford
374,10738,Ford
375,11059,Ford
376,10351,Ford
377,10627,Ford
378,10044,Ford
379,10401,Ford
380,10368,Ford
381,10501,Ford
382,10780,Ford
383,10440,Ford
384,10530,Ford
385,10631,Ford
386,10771,Ford
387,10592,Ford
388,10236,Ford
389,10482,Ford
390,10680,Ford
391,10878,Ford
392,10478,Ford
393,10073,Ford
394,10506,Ford
395,10408,Ford
396,10863,Ford
397,10482,Ford
398,10352,Ford
399,11123,Ford
400,10103,Ford
401,10445,Ford
402,10874,Ford
403,11031,Ford
404,11020,Ford
405,10130,Ford
406,10198,Ford
407,10655,Ford
408,10529,Ford
409,10260,Ford
410,10146,Ford
411,10104,Ford
412,10320,Ford
413,10527,Ford
414,10484,Ford
415,10268,Ford
416,10495,Ford
417,10599,Ford
418,10162,Ford
419,10859,Ford
420,10525,Ford
421,10334,Ford
422,11093,Ford
423,10363,Ford
424,10770,Ford
425,10774,Ford
426,10332,Ford
427,11043,Ford
428,10443,Ford
429,9965,Ford
430,10397,Ford
431,10822,Ford
432,10449,Ford
433,10376,Ford
434,10601,Ford
435,10432,Ford
436,10662,Ford
437,10775,Ford
438,10346,Ford
439,9875,Ford
440,10483,Ford
441,11026,Ford
442,10244,Ford
443,10463,Ford
444,10893,Ford
445,10464,Ford
446,10316,Ford
447,10923,Ford
448,10787,Ford
449,10881,Ford
450,10748,Ford
451,10491,Ford
452,10503,Ford
453,10479,Ford
454,10228,Ford
455,10536,Ford
456,10107,Ford
457,10952,Ford
458,10612,Ford
459,10358,Ford
460,10423,Ford
461,10833,Ford
462,10928,Ford
463,10687,Ford
464,10280,Ford
465,10431,Ford
466,10768,Ford
467,10426,Ford
468,10697,Ford
469,10711,Ford
470,10409,Ford
471,10516,Ford
472,10216,Ford
473,11010,Ford
474,10474,Ford
475,11033,Ford
476,10850,Ford
477,10859,Ford
478,10966,Ford
479,10714,Ford
480,10276,Ford
481,10985,Ford
482,10321,Ford
483,10377,Ford
484,11211,Ford
485,10437,Ford
486,10798,Ford
487,10705,Ford
488,10924,Ford
489,10140,Ford
490,9983,Ford
491,9967,Ford
492,10300,Ford
493,10629,Ford
494,10443,Ford
495,10125,Ford
496,10675,Ford
497,10704,Ford
498,10265,Ford
499,10607,Ford
500,10841,Ford
